<?xml version="1.0" encoding="UTF-8" standalone="yes"?>
<addon id="KodiBeast3" name="KodiRepoBeast" version="3.0" provider-name="luckylukz02">
    <extension point="xbmc.addon.repository" name="KodiRepoBeast">
        <dir>
            <info compressed="false">https://raw.githubusercontent.com/luckylukz02/KodiBeast3/master/repo/zips/addons.xml</info>
            <checksum>https://raw.githubusercontent.com/luckylukz02/KodiBeast3/master/repo/zips/addons.xml.md5</checksum>
            <datadir zip="true">https://raw.githubusercontent.com/luckylukz02/KodiBeast3/master/repo/zips/</datadir>
        </dir>
    </extension>
    <extension point="xbmc.addon.metadata">
        <summary>KodiBeast3</summary>
        <description>KodiRepoBeast</description>
        <disclaimer></disclaimer>
        <platform>all</platform>
        <assets>
            <icon>icon.png</icon>
            <fanart>fanart.jpg</fanart>
        </assets>
    </extension>
</addon>